Week Number,FOODS_1_016,FOODS_1_018,FOODS_1_046,FOODS_1_054,FOODS_1_085,FOODS_1_086,FOODS_1_206
1,4,17,0,0,10,0,3
2,1,3,0,1,15,3,4
3,0,8,0,0,13,3,4
4,1,2,5,11,5,5,2
5,4,5,4,1,11,1,3
6,3,0,3,1,5,0,6
7,1,1,0,1,7,0,4
8,1,5,2,1,21,9,4
9,0,12,0,1,6,3,0
10,1,4,5,1,6,0,7
11,0,7,2,0,5,0,0
12,0,9,0,2,6,0,0
13,1,2,2,4,14,0,1
14,0,5,1,0,13,0,3
15,6,11,0,5,35,0,9
16,2,6,0,3,25,0,10
17,0,3,0,1,19,0,1
18,2,3,0,3,4,4,0
19,0,3,0,0,8,2,2
20,1,2,0,0,10,6,4
21,2,14,0,0,6,0,2
22,0,19,0,0,25,0,5
23,4,12,0,5,24,0,2
24,0,8,0,4,7,0,5
25,1,2,0,2,10,0,1
26,0,3,0,0,6,0,2
27,2,3,0,2,14,0,3
28,0,4,0,4,27,0,0
29,0,5,0,6,24,0,2
30,0,2,0,1,8,0,2
31,0,5,0,7,3,0,0
32,0,6,24,5,4,0,7
33,0,5,21,2,3,0,2
34,0,0,17,0,6,0,0
35,2,1,12,0,1,0,6
36,6,13,19,2,1,0,3
37,0,2,7,1,1,0,4
38,0,0,0,0,0,0,8
39,0,0,1,3,31,0,0
40,0,2,2,0,25,0,2
41,1,0,0,0,19,0,2
42,0,0,1,9,27,0,8
43,13,4,4,7,34,0,6
44,0,3,3,2,32,0,3
45,0,3,14,3,12,0,6
46,0,13,6,0,20,0,0
47,4,19,4,1,14,0,2
48,1,15,0,1,8,0,4
49,0,15,12,4,33,0,0
50,0,25,4,3,41,0,4
51,2,18,6,1,14,0,4
52,0,12,4,0,18,0,1
53,2,7,1,0,15,0,8
54,0,1,2,4,7,0,3
55,0,3,0,1,15,0,1
56,0,12,3,3,18,0,5
57,2,8,1,2,20,0,4
58,1,1,2,2,20,0,5
59,0,2,0,2,10,0,4
60,0,2,0,2,10,0,2
61,0,1,0,0,3,0,4
62,1,2,0,2,6,0,2
63,1,6,1,0,17,0,5
64,0,6,0,2,20,0,2
65,1,1,1,3,11,0,1
66,0,2,0,1,15,0,3
67,1,1,0,0,9,0,1
68,3,2,0,2,4,0,1
69,1,0,0,4,13,0,3
70,0,2,0,5,7,0,4
71,0,2,0,2,16,0,5
72,0,0,1,2,18,0,5
73,0,1,0,1,12,0,7
74,0,0,0,0,8,0,6
75,3,0,1,5,8,0,2
76,2,0,0,1,12,0,1
77,6,0,0,3,15,0,7
78,0,0,0,8,21,0,1
79,0,6,0,8,17,0,20
80,0,2,0,2,5,0,8
81,0,4,0,0,9,0,5
82,0,4,0,0,18,0,2
83,1,4,0,3,13,0,1
84,2,4,1,0,30,0,8
85,6,3,0,0,46,0,13
86,1,2,0,0,15,0,6
87,0,1,0,0,11,8,1
88,1,2,0,0,8,4,6
89,1,3,0,0,8,0,8
90,0,3,0,0,10,0,0
91,1,8,0,2,16,0,1
92,0,6,0,1,17,7,3
93,3,6,0,5,14,4,4
94,0,9,0,2,14,0,6
95,2,8,22,1,16,0,4
96,1,1,8,1,14,0,2
97,3,2,10,3,32,0,1
98,0,7,5,3,22,0,8
99,1,1,19,3,21,0,2
100,2,3,6,2,31,0,0
101,1,3,5,6,8,0,4
102,2,1,0,1,6,0,3
103,0,0,2,1,12,0,8
104,1,0,2,2,13,0,0
105,1,9,11,3,12,0,1
106,2,10,10,1,9,0,3
107,1,5,5,1,18,0,2
108,0,8,9,1,5,0,2
109,0,0,2,0,7,0,4
110,1,4,5,2,8,0,3
111,1,7,3,0,5,0,2
112,0,6,6,0,13,0,5
113,3,11,4,2,15,0,4
114,0,8,0,1,10,0,7
115,0,5,0,5,10,0,3
116,1,7,0,0,8,0,5
117,0,3,2,1,7,0,2
118,0,5,2,0,5,0,5
119,0,1,0,5,8,0,14
120,4,7,1,6,10,0,7
121,2,10,4,4,6,0,7
122,1,7,2,0,2,0,1
123,2,5,1,0,6,7,6
124,0,2,1,1,11,10,0
125,1,3,0,1,6,7,6
126,5,1,0,1,8,11,11
127,1,2,0,4,0,7,4
128,2,15,0,1,0,10,2
129,2,3,0,1,0,8,7
130,2,2,0,3,0,12,0
131,2,0,0,1,1,0,6
132,0,0,0,1,5,0,3
133,2,0,6,1,8,0,1
134,2,7,4,2,14,0,5
135,1,3,1,3,18,0,2
136,0,7,2,0,17,0,4
137,0,7,5,2,10,8,14
138,0,6,6,1,22,16,2
139,1,4,1,0,20,10,3
140,1,3,2,0,28,2,3
141,1,12,4,1,14,0,2
142,2,8,4,3,8,0,5
143,3,5,6,0,8,0,4
144,0,5,2,2,12,0,4
145,0,7,7,1,17,0,1
146,0,9,6,3,10,0,6
147,0,2,6,2,20,0,7
148,4,9,13,1,25,0,12
149,1,12,7,1,19,0,4
150,1,17,6,1,13,0,0
151,2,5,11,0,16,9,1
152,3,11,9,2,16,3,2
153,0,7,9,1,14,0,0
154,2,4,12,2,15,0,4
155,0,4,9,1,21,0,3
156,0,9,14,3,36,0,6
157,0,1,0,0,10,0,12
158,9,5,3,0,9,0,5
159,2,3,3,0,15,0,1
160,1,4,0,2,17,0,2
161,0,5,3,4,10,0,1
162,2,3,17,1,25,7,0
163,0,2,5,4,20,3,0
164,4,3,2,0,7,5,3
165,0,0,1,0,9,7,0
166,1,9,4,0,12,0,6
167,0,9,3,1,21,1,1
168,0,11,6,1,20,7,1
169,5,8,7,0,25,13,0
170,0,17,5,6,14,4,0
171,1,8,2,4,10,1,2
172,2,4,2,0,14,0,0
173,0,14,5,2,14,0,0
174,2,10,6,0,8,0,0
175,0,9,3,1,15,17,0
176,0,22,5,2,27,7,0
177,2,14,1,1,15,0,0
178,5,7,1,0,17,0,3
179,0,2,0,1,17,4,5
180,2,3,2,1,16,7,0
181,0,3,2,4,11,1,1
182,0,3,3,3,12,14,0
183,0,13,9,0,20,15,0
184,1,0,0,2,0,6,2
185,5,0,0,0,0,0,0
186,0,0,0,6,0,4,0
187,2,0,0,1,0,7,0
188,2,0,0,3,0,1,0
189,0,0,0,0,0,6,0
190,0,0,0,3,0,12,0
191,5,9,3,0,25,12,0
192,1,8,1,2,12,5,0
193,3,3,1,2,9,0,0
194,0,2,1,2,13,8,0
195,0,2,8,7,20,4,0
196,0,19,2,1,8,11,0
197,4,23,6,4,19,9,0
198,3,13,2,3,16,4,0
199,2,7,1,2,15,1,0
200,0,3,3,1,8,7,0
201,0,13,3,1,7,10,0
202,5,2,1,4,5,2,0
203,1,9,3,1,4,9,0
204,4,15,1,4,14,8,0
205,12,4,1,2,9,13,0
206,0,3,2,0,9,8,0
207,0,8,0,2,2,3,0
208,0,6,0,2,12,9,5
209,0,3,1,2,7,3,0
210,0,8,0,0,7,9,4
211,0,7,1,1,19,14,1
212,2,5,0,4,12,9,1
213,2,16,5,0,15,3,0
214,0,6,0,3,12,6,0
215,4,5,1,0,5,6,0
216,2,3,5,3,4,2,0
217,1,13,1,0,6,12,1
218,4,15,3,0,15,15,0
219,2,8,2,1,6,9,5
220,2,10,1,0,10,9,8
221,0,1,1,2,6,1,7
222,3,2,1,1,5,2,7
223,0,2,1,1,3,0,4
224,1,4,3,0,8,22,6
225,3,9,0,3,11,8,4
226,4,8,2,3,12,4,7
227,0,8,1,4,3,0,6
228,0,2,1,0,3,0,3
229,0,4,3,1,6,7,6
230,0,1,2,0,10,5,2
231,3,1,4,2,1,15,8
232,5,0,0,2,7,9,8
233,0,2,1,5,22,10,4
234,0,2,3,3,5,3,2
235,1,0,1,0,8,0,4
236,1,0,1,1,4,10,9
237,1,0,2,0,3,11,10
238,0,3,3,0,3,14,10
239,1,2,1,5,14,10,18
240,1,2,0,1,5,3,10
241,0,2,2,2,9,0,5
242,0,0,0,2,0,6,7
243,0,0,3,2,7,8,2
244,2,1,8,2,13,8,13
245,0,2,18,1,29,14,11
246,1,1,10,0,46,11,22
247,2,4,12,0,22,1,12
248,1,9,9,0,20,0,14
249,0,0,1,0,16,7,14
250,0,2,1,2,15,3,2
251,2,2,10,1,17,1,7
252,1,2,24,1,14,11,10
253,2,3,7,2,20,15,4
254,2,0,5,4,13,7,22
255,3,17,3,0,3,3,12
256,2,7,13,2,19,8,13
257,0,7,1,1,11,3,6
258,0,3,22,1,2,1,0
259,2,6,13,0,20,0,6
260,0,3,17,1,11,6,13
261,1,8,22,3,15,9,7
262,2,9,9,1,11,6,7
263,3,24,6,0,20,6,6
264,1,26,2,1,7,7,4
265,6,11,5,1,6,1,7
266,1,20,3,0,7,5,8
267,1,18,15,2,14,3,10
268,3,19,12,0,14,3,8
269,0,1,0,1,3,1,5
270,2,2,2,0,2,0,5
271,0,4,6,0,10,9,4
272,2,3,5,2,2,5,2
273,0,0,3,1,0,4,0
274,0,5,5,1,14,2,1
275,5,12,8,2,11,3,0
276,0,2,16,3,1,1,0
277,0,1,1,1,13,4,9
278,0,2,4,0,20,6,0
279,0,6,7,2,3,3,0
280,0,8,7,3,6,10,0
281,0,10,13,0,6,5,1
282,1,15,8,2,7,10,5
283,1,9,3,1,13,9,2
284,0,5,3,0,7,7,1
285,7,3,3,1,4,2,1
286,1,7,11,1,12,11,4
287,2,17,9,1,12,2,3
288,0,15,15,0,4,14,1
289,0,4,4,2,4,7,1
290,0,9,7,0,6,6,1
291,0,11,3,0,5,7,2
292,0,7,7,1,1,9,2
293,0,6,9,3,2,7,8
294,0,9,7,0,1,3,1
295,0,13,14,2,0,11,3
296,0,17,13,1,1,2,3
297,0,9,7,0,1,4,5
298,0,5,2,0,0,6,0
299,0,5,11,1,1,6,7
300,0,6,5,0,1,3,0
301,0,26,18,0,18,12,2
302,0,12,6,1,28,0,0
303,0,5,0,4,20,1,1
304,0,6,5,0,20,0,2
305,0,3,2,1,10,6,4
306,0,12,2,1,10,8,1
307,0,8,1,0,6,11,1
308,0,7,2,1,10,11,3
309,5,23,4,2,4,15,1
310,2,10,4,0,5,8,4
311,3,7,1,0,11,1,1
312,0,2,2,1,4,0,9
313,1,6,5,1,7,8,0
314,0,3,3,0,3,7,1
315,0,7,3,4,11,8,4
316,0,15,5,0,10,13,0
317,2,5,7,1,3,12,1
318,2,33,20,4,4,13,2
319,3,10,8,0,2,10,2
320,1,15,0,0,8,9,5
321,2,6,9,2,3,14,11
322,0,8,5,3,4,10,2
323,2,12,16,3,6,4,0
324,4,18,18,1,7,0,5
325,7,6,11,0,3,0,2
326,0,5,6,0,25,0,0
327,3,2,5,0,20,12,0
328,3,8,6,0,18,19,4
329,2,8,15,2,9,15,8
330,0,16,4,1,5,14,4
331,0,0,0,0,0,0,0
332,0,12,0,0,3,10,0
333,3,21,0,1,6,13,12
334,0,23,0,0,2,3,0
335,2,3,9,2,1,12,2
336,2,13,10,0,2,9,5
337,1,14,30,3,21,1,2
338,0,9,19,0,18,0,1
339,2,13,24,0,10,0,4
340,0,16,5,2,12,4,2
341,2,8,8,2,7,5,2
342,0,4,11,2,3,6,1
343,0,13,5,1,11,12,9
344,2,10,7,1,13,12,2
345,1,15,4,2,14,8,4
346,0,4,9,0,13,0,7
347,1,9,12,0,6,6,7
348,0,9,11,1,14,5,0
349,1,7,7,2,8,0,1
350,3,10,14,3,24,11,3
351,0,8,3,0,38,8,4
352,2,6,7,3,28,3,3
353,3,6,1,0,20,4,3
354,1,7,1,0,19,10,8
355,3,6,5,1,23,10,9
356,2,9,3,1,31,5,0
357,1,6,3,2,15,10,3
358,2,6,3,0,34,13,7
359,1,2,15,0,14,7,1
360,1,0,13,0,13,2,1
361,2,2,10,1,12,8,3
362,0,4,9,1,12,10,5
363,5,2,8,1,17,8,1
364,6,12,10,0,18,12,2
365,0,9,13,0,38,15,2
366,0,6,7,0,25,9,4
367,0,4,3,1,21,0,1
368,0,3,2,2,13,5,4
369,0,5,4,0,23,9,0
370,0,3,6,5,11,8,3
371,0,6,7,1,18,15,12
372,0,20,19,0,26,12,1
373,1,10,9,0,17,11,1
374,2,5,4,0,13,2,4
375,0,0,4,0,15,11,4
376,1,2,5,1,3,14,1
377,2,9,6,2,22,8,3
378,3,17,8,0,22,7,9
379,2,14,13,1,28,15,1
380,0,1,1,5,23,7,4
381,2,4,7,3,29,12,1
382,5,0,5,0,11,10,8
383,1,1,5,0,19,2,10
384,0,4,4,0,12,4,2
385,4,4,3,2,6,12,4
386,5,5,5,2,9,11,10
387,1,9,4,2,15,11,2
388,0,5,0,0,10,5,1
389,0,1,5,1,6,5,5
390,4,4,4,1,8,4,0
391,1,1,3,0,10,6,0
392,7,13,4,2,12,10,4
393,0,21,1,0,28,5,7
394,4,19,2,0,25,14,0
395,0,8,6,2,16,2,1
396,0,1,8,0,17,6,2
397,0,11,4,0,30,3,6
398,0,9,5,0,10,11,1
399,0,3,10,4,25,13,5
400,4,7,6,3,24,15,1
401,3,4,13,1,24,11,1
402,1,7,5,0,18,2,2
403,2,6,7,0,7,7,0
404,1,5,9,1,14,13,2
405,6,1,6,2,12,3,5
406,1,1,2,0,12,8,7
407,3,11,5,5,24,5,4
408,1,4,4,10,14,0,0
409,0,12,7,1,11,0,0
410,2,10,16,1,13,4,0
411,3,11,12,0,17,6,2
412,0,8,10,2,13,6,2
413,2,18,14,1,21,9,7
414,2,14,13,3,19,10,3
415,1,22,9,0,16,1,5
416,1,5,6,3,4,7,12
417,0,4,4,0,5,6,2
418,0,9,4,0,12,8,1
419,1,11,5,1,16,4,2
420,1,11,5,1,16,11,0
421,3,19,10,1,13,1,0
422,0,13,16,1,8,9,0
423,1,12,5,1,10,3,0
424,4,6,12,1,14,6,0
425,0,6,5,1,5,5,0
426,1,10,4,2,9,4,0
427,0,14,19,2,18,10,4
428,3,11,15,1,30,10,0
429,4,17,5,1,23,8,7
430,1,4,8,1,3,5,4
431,0,12,8,2,32,9,1
432,5,24,6,3,21,3,8
433,4,14,4,0,22,0,5
434,0,35,9,1,40,17,3
435,0,25,6,0,38,6,3
436,0,13,8,2,17,1,0
437,1,8,1,0,7,9,4
438,2,11,3,0,8,8,3
439,3,8,3,3,5,4,5
440,0,4,0,2,8,9,0
441,0,3,3,2,19,9,5
442,1,15,1,2,10,11,6
443,2,17,2,3,3,10,1
444,4,14,0,3,3,0,2
445,2,4,0,0,3,5,1
446,0,16,1,0,2,8,4
447,2,8,0,0,2,3,12
448,3,10,2,2,4,9,2
449,0,6,0,3,8,9,0
450,0,8,2,2,9,12,6
451,3,7,0,0,1,1,4
452,0,10,4,3,2,5,1
453,1,5,3,2,2,5,7
454,0,10,9,2,1,14,3
455,4,9,26,4,2,13,4
456,2,17,8,2,9,7,2
457,2,14,6,0,4,10,3
458,3,4,4,0,7,5,2
459,1,6,6,2,20,1,3
460,2,7,12,1,2,10,1
461,2,7,6,0,7,4,0
462,0,5,13,3,10,12,0
463,4,15,18,1,10,7,7
464,0,26,9,2,10,11,8
465,0,10,3,2,13,3,3
466,3,7,0,0,10,7,1
467,1,8,6,1,4,5,6
468,3,15,0,1,9,0,1
469,2,17,6,1,11,0,2
470,4,18,19,1,13,15,5
471,0,20,15,1,25,9,5
472,0,11,4,1,12,0,6
473,0,11,2,0,8,9,5
474,1,8,2,3,23,4,2
475,1,6,4,2,17,8,0
476,2,21,7,3,34,3,0
477,1,20,5,1,20,8,4
478,5,16,8,0,10,8,3
479,0,15,3,5,5,8,3
480,1,3,7,0,10,1,4
481,1,1,0,3,29,4,4
482,0,3,4,2,11,6,2
483,0,9,17,0,17,0,3
484,2,8,15,3,26,19,4
485,1,7,12,3,12,2,3
486,0,6,6,2,23,3,0
487,0,7,11,3,9,11,3
488,2,1,6,1,9,3,3
489,2,5,3,1,18,4,2
490,2,7,12,1,5,6,9
491,2,4,10,2,8,8,9
492,1,4,7,1,3,7,4
493,0,2,10,4,3,8,0
494,2,9,5,3,8,0,0
495,0,3,8,0,3,1,0
496,1,2,4,0,8,0,0
497,2,3,5,0,4,0,0
498,0,7,8,0,24,17,6
499,5,1,2,0,13,6,3
500,1,4,2,0,11,0,1
501,3,7,5,0,7,0,12
502,1,7,7,0,14,0,0
503,4,2,3,0,22,0,2
504,2,3,4,0,10,7,0
505,2,4,1,0,9,16,6
506,0,6,8,0,8,9,6
507,1,6,7,0,7,4,0
508,1,5,1,0,5,0,5
509,1,1,3,0,18,6,0
510,0,7,3,0,8,10,3
511,2,3,2,0,9,8,2
512,3,11,29,0,9,17,8
513,3,11,19,0,8,6,5
514,1,8,18,0,9,13,0
515,0,13,6,0,7,4,0
516,1,9,11,0,7,7,0
517,2,14,25,0,9,1,0
518,4,28,16,0,23,1,0
519,5,21,12,0,12,14,5
520,6,30,16,0,16,10,4
521,2,10,17,0,17,9,8
522,3,11,16,0,7,14,3
523,2,13,6,0,10,5,4
524,0,11,17,0,10,7,0
525,0,27,17,0,11,1,0
526,0,11,30,1,14,14,7
527,0,18,9,2,8,12,4
528,0,17,6,3,11,8,0
529,1,16,4,1,10,8,0
530,3,12,10,3,7,10,7
531,1,7,13,1,14,8,1
532,1,14,20,1,10,10,3
533,4,24,7,2,16,9,1
534,0,30,17,7,13,4,4
535,1,13,16,2,10,2,7
536,0,13,11,3,11,10,1
537,3,12,6,4,9,4,0
538,2,11,4,1,5,2,0
539,1,12,9,2,15,8,0
540,1,15,13,7,7,5,0
541,1,12,19,2,10,4,7
542,1,5,21,0,10,3,5
543,3,5,16,3,3,8,0
544,1,5,7,2,8,4,0
545,0,13,17,1,7,9,0
546,3,6,13,0,21,3,0
547,2,6,12,8,25,9,0
548,0,8,3,0,17,1,1
549,0,2,7,2,14,5,2
550,0,15,5,2,14,11,4
551,0,19,11,3,29,7,4
552,3,7,8,4,15,3,1
553,2,6,8,2,15,11,0
554,2,12,11,2,16,11,1
555,2,9,21,2,14,1,4
556,1,7,14,3,5,0,5
557,0,9,11,2,13,6,0
558,2,11,6,4,21,6,1
559,2,4,7,2,17,9,1
560,0,13,4,1,17,10,0
561,0,14,8,4,15,10,11
562,3,11,12,2,12,6,1
563,4,9,9,2,12,12,0
564,0,11,7,3,19,10,0
565,0,11,7,6,10,2,0
566,0,19,7,4,4,0,0
567,1,8,10,1,7,0,0
568,1,23,23,2,14,11,3
569,0,17,14,3,12,1,3
570,1,9,10,1,5,5,3
571,0,11,24,2,16,6,2
572,1,12,14,4,5,1,0
573,1,5,8,3,6,0,1
574,1,28,11,1,13,0,0
575,2,12,18,5,10,5,6
576,2,8,20,0,1,4,6
577,1,4,8,2,15,2,0
578,0,6,7,3,5,4,0
579,2,12,16,1,18,6,0
580,2,13,10,2,7,10,0
581,1,11,9,2,14,7,0
582,4,16,19,1,11,23,4
583,2,14,13,1,8,0,6
584,1,23,17,1,11,0,0
585,3,7,6,3,3,3,8
586,2,10,10,0,7,5,0
587,2,4,5,3,7,11,5
588,0,12,7,1,9,10,7
589,0,9,10,2,6,7,2
590,2,10,5,2,5,13,8
591,3,16,10,1,5,6,1
592,0,3,4,1,11,3,6
593,4,2,5,1,3,3,1
594,0,5,11,6,4,7,7
595,3,14,22,1,21,7,5
596,1,5,8,4,17,8,4
597,0,19,10,3,7,6,2
598,1,9,8,4,5,5,3
599,4,14,6,3,9,2,4
600,1,33,9,2,2,5,3
601,2,17,8,1,5,5,6
602,0,13,8,5,7,6,11
603,3,16,24,5,13,14,4
604,1,16,12,7,22,5,3
605,1,18,11,0,10,5,0
606,0,9,13,2,17,6,0
607,0,16,5,2,4,8,4
608,1,27,5,0,4,3,1
609,2,16,9,2,4,7,5
610,2,25,11,6,2,7,1
611,5,23,3,2,2,6,6
612,0,13,7,2,1,2,3
613,1,11,12,3,1,7,0
614,1,10,9,2,2,7,4
615,1,10,8,3,1,0,7
616,1,6,5,3,10,0,0
617,2,14,22,7,5,15,3
618,0,26,23,3,6,4,12
619,2,14,5,2,3,5,10
620,1,26,8,7,0,3,2
621,1,13,9,6,4,7,4
622,2,23,14,2,6,7,5
623,1,12,5,0,6,6,8
624,1,6,2,22,0,7,4
625,1,16,9,0,1,1,16
626,0,23,9,0,1,6,3
627,2,6,3,2,3,4,1
628,1,23,8,2,10,5,8
629,0,15,8,8,1,12,4
630,0,3,4,0,7,1,8
631,2,19,3,2,5,8,8
632,2,19,9,2,3,9,6
633,2,16,4,4,1,7,5
634,2,14,2,2,0,9,4
635,1,5,3,2,5,11,3
636,0,9,3,0,4,4,6
637,0,12,6,2,4,13,8
638,5,20,3,1,1,8,10
639,0,19,3,4,1,2,6
640,0,10,6,3,7,2,10
641,0,5,3,0,0,5,29
642,0,2,10,3,9,2,31
643,0,3,3,1,9,2,41
644,3,18,11,1,1,11,3
645,2,14,4,0,8,5,0
646,0,15,6,0,2,7,0
647,4,20,6,1,6,6,6
648,2,8,11,0,4,3,3
649,0,9,8,1,4,6,5
650,1,12,6,3,4,5,0
651,1,22,14,1,7,4,0
652,3,11,11,4,0,7,0
653,0,7,4,0,1,7,0
654,1,12,6,0,0,2,0
655,1,1,5,0,0,4,0
656,0,10,11,1,0,5,0
657,2,6,3,1,0,11,0
658,1,13,8,1,1,3,0
659,3,7,11,4,8,11,0
660,4,15,3,6,1,1,0
661,0,12,7,1,10,10,0
662,1,13,18,3,2,3,0
663,0,10,13,2,12,10,0
664,1,1,4,2,2,0,0
665,2,11,24,4,2,1,0
666,2,10,11,2,2,0,0
667,2,12,4,5,2,0,0
668,0,16,5,2,2,4,0
669,1,4,14,1,10,4,8
670,0,11,6,0,5,3,1
671,1,5,5,0,2,4,2
672,1,11,8,0,5,5,0
673,2,13,22,0,14,13,5
674,0,13,12,0,21,3,0
675,0,10,16,0,13,0,0
676,0,15,10,0,5,4,0
677,2,11,15,0,11,4,0
678,0,23,4,0,12,4,0
679,0,23,10,0,13,0,0
680,0,25,9,0,10,6,0
681,1,13,13,0,5,2,0
682,1,14,4,0,6,3,0
683,1,14,9,0,4,6,0
684,0,14,10,0,3,7,0
685,1,16,15,0,3,2,0
686,0,13,24,0,0,9,0
687,0,21,35,0,3,1,0
688,2,12,16,0,2,0,0
689,4,16,14,0,2,0,0
690,0,18,12,0,0,14,0
691,1,9,12,0,1,4,0
692,10,21,10,0,4,6,0
693,1,24,39,0,11,0,12
694,0,34,32,0,10,0,3
695,1,46,37,0,11,8,2
696,0,13,17,0,7,10,3
697,0,0,0,0,0,0,0
698,0,8,8,1,9,5,1
699,0,16,4,3,11,5,5
700,2,12,2,0,4,7,0
701,0,11,9,2,10,6,0
702,0,18,19,1,5,1,9
703,0,24,12,1,3,5,1
704,0,13,8,0,5,1,0
705,1,15,10,4,9,3,0
706,1,5,10,0,6,5,0
707,1,7,9,0,8,6,0
708,5,18,8,1,15,1,0
709,0,16,11,2,11,6,0
710,1,14,8,3,15,6,0
711,0,12,4,3,7,13,6
712,0,13,19,1,9,6,18
713,0,13,25,0,9,7,0
714,0,8,23,0,10,7,0
715,0,21,18,4,10,8,0
716,2,15,16,3,13,9,0
717,1,9,6,1,8,8,0
718,0,3,14,0,13,5,0
719,1,11,2,8,9,9,0
720,0,12,5,1,6,11,0
721,0,8,10,0,19,11,0
722,0,19,12,1,12,11,0
723,0,30,10,1,12,0,0
724,3,4,5,2,6,4,0
725,2,11,8,2,11,4,0
726,1,7,4,2,6,5,0
727,0,12,6,1,15,8,4
728,0,11,7,0,13,10,6
729,5,14,10,0,10,3,2
730,2,19,12,1,9,0,0
731,1,7,4,4,5,0,0
732,0,20,5,0,9,1,0
733,0,4,5,1,7,1,0
734,7,6,2,6,1,6,3
735,2,12,10,2,6,6,9
736,0,13,8,5,4,10,6
737,1,9,6,1,6,0,5
738,3,9,8,1,3,0,2
739,3,7,2,3,3,8,0
740,1,7,7,4,5,4,0
741,0,13,21,2,18,2,0
742,2,8,17,1,21,15,0
743,1,10,13,1,15,10,6
744,1,15,15,1,11,6,3
745,5,14,12,0,5,2,2
746,1,12,12,1,2,0,5
747,2,5,12,2,11,7,3
748,0,5,22,1,7,3,3
749,3,6,12,0,6,0,4
750,3,12,15,4,2,0,5
751,2,7,11,0,5,0,1
752,1,5,7,1,5,4,1
753,0,2,6,2,1,6,4
754,2,2,4,1,5,8,3
755,1,3,10,4,9,2,2
756,2,6,6,0,1,9,2
757,1,8,12,2,7,4,3
758,4,9,11,0,6,4,0
759,1,3,2,3,2,0,0
760,1,3,7,1,2,0,5
761,1,12,4,2,2,3,2
762,3,4,6,0,5,6,1
763,1,7,4,4,10,3,3
764,0,5,4,2,6,0,1
765,4,2,3,3,1,0,2
766,3,2,9,1,4,0,0
767,1,15,2,1,6,0,0
768,2,12,5,1,3,5,6
769,1,10,6,1,6,6,2
770,1,16,3,0,5,9,7
771,3,22,6,3,4,11,1
772,4,13,13,0,9,5,2
773,2,15,5,0,4,0,0
774,1,7,7,2,4,0,3
775,1,8,3,3,4,15,6
776,1,16,2,1,1,11,4
777,3,28,5,5,16,12,0
778,1,14,8,5,9,9,5
779,5,14,7,1,7,11,6
780,2,3,2,1,6,2,1
781,6,2,8,3,2,6,5
782,1,8,8,2,3,2,1
783,4,5,9,1,5,7,3
784,1,13,16,2,10,9,6
785,1,17,18,3,7,12,2
786,0,8,9,1,9,6,2
787,2,10,3,9,5,6,1
788,1,6,3,0,4,3,6
789,1,5,6,2,7,7,4
790,1,11,22,1,9,6,7
791,3,16,15,1,11,16,4
792,8,16,29,6,9,15,2
793,2,13,14,1,4,6,2
794,1,6,12,0,5,2,1
795,1,11,25,2,7,6,3
796,1,4,15,5,0,15,2
797,5,6,14,2,7,13,1
798,3,6,22,0,2,6,2
799,4,11,25,3,9,11,21
800,2,6,10,5,4,8,0
801,2,12,7,3,2,7,0
802,0,10,15,0,9,8,0
803,0,10,8,3,15,11,0
804,5,11,18,1,2,13,1
805,1,10,13,3,5,11,2
806,1,10,11,2,3,17,1
807,1,11,17,2,4,10,3
808,0,17,6,1,11,5,2
809,1,10,7,1,4,5,4
810,2,10,8,0,2,6,4
811,1,9,4,1,1,5,7
812,1,17,8,2,13,8,2
813,2,22,7,2,6,11,2
814,0,11,9,0,12,10,8
815,3,16,7,0,22,9,0
816,2,8,9,0,2,4,0
817,5,14,6,0,2,11,0
818,0,11,10,2,3,8,2
819,1,17,8,5,10,11,0
820,5,11,14,3,9,6,5
821,2,9,8,2,7,12,2
822,3,6,5,1,3,5,1
823,2,17,5,2,2,10,14
824,0,6,6,0,8,2,0
825,0,7,9,1,11,10,0
826,3,21,9,2,3,19,0
827,2,21,6,3,11,12,0
828,0,21,19,1,5,7,0
829,0,16,5,2,5,3,0
830,2,12,3,2,5,6,1
831,4,12,2,1,2,5,4
832,0,16,9,3,7,10,3
833,1,8,13,2,14,20,10
834,0,24,25,7,3,12,3
835,0,11,19,2,8,6,3
836,1,6,5,0,4,4,0
837,0,7,15,1,9,3,0
838,2,6,3,0,5,9,7
839,4,6,10,0,7,12,5
840,3,24,8,2,12,4,0
841,4,13,6,2,6,11,0
842,3,11,3,17,12,5,0
843,1,11,2,1,12,11,0
844,1,17,11,1,6,8,0
845,4,8,9,3,7,12,0
846,1,8,7,2,6,5,0
847,1,15,18,3,12,13,6
848,4,15,9,5,8,5,4
849,0,18,6,3,15,21,3
850,1,19,5,2,5,6,3
851,1,18,2,2,11,0,2
852,3,15,6,1,13,10,8
853,7,13,5,1,3,12,0
854,1,8,6,2,3,13,10
855,4,11,9,4,12,12,0
856,2,9,3,1,2,10,6
857,1,6,3,2,10,3,3
858,2,11,6,3,7,1,1
859,2,18,6,0,9,6,1
860,2,9,3,2,12,10,3
861,0,13,2,0,9,13,9
862,4,4,9,6,13,15,0
863,3,19,7,3,15,11,5
864,0,11,10,0,17,5,6
865,1,7,7,0,9,5,2
866,0,11,6,0,7,7,1
867,2,11,2,2,9,4,4
868,0,12,8,1,22,13,5
869,0,10,10,3,20,15,1
870,3,14,5,4,6,7,0
871,0,17,6,0,4,4,0
872,2,10,2,5,13,5,2
873,1,5,6,3,13,8,6
874,0,13,7,2,9,3,6
875,1,3,14,2,17,12,6
876,6,13,12,1,21,11,3
877,0,7,6,1,17,1,7
878,3,5,7,1,12,3,3
879,1,17,4,3,18,8,2
880,2,6,1,2,9,9,0
881,0,14,3,1,8,7,2
882,1,7,4,0,13,9,2
883,2,13,15,0,16,9,5
884,0,20,25,2,20,6,6
885,1,7,6,2,12,8,1
886,0,11,15,2,11,7,4
887,1,6,6,0,18,6,5
888,1,11,10,3,5,10,0
889,0,8,13,5,8,12,5
890,2,24,13,4,11,10,3
891,0,17,18,2,16,11,3
892,4,7,10,3,8,8,0
893,1,22,11,1,15,11,2
894,1,10,10,1,12,10,3
895,1,19,13,4,18,1,4
896,0,21,11,2,9,7,2
897,2,13,15,3,7,11,5
898,6,10,13,5,11,11,4
899,0,7,7,5,8,7,0
900,1,10,13,2,9,9,2
901,0,10,6,3,9,7,3
902,1,4,8,2,7,12,0
903,2,9,21,0,6,6,0
904,0,21,30,4,19,13,0
905,2,14,11,2,21,13,0
906,5,9,6,1,11,7,2
907,2,9,7,0,9,6,2
908,3,15,9,1,27,9,11
909,1,8,13,0,23,6,1
910,3,12,16,2,10,15,6
911,2,7,17,1,8,8,3
912,2,7,22,3,15,5,1
913,0,9,21,1,13,12,1
914,0,15,16,0,28,6,1
915,0,5,6,3,17,4,5
916,2,4,11,1,14,4,0
917,0,17,17,1,29,11,0
918,1,17,18,3,15,13,0
919,1,7,14,5,12,6,5
920,0,10,16,2,10,10,3
921,2,3,11,5,24,5,0
922,1,5,14,2,16,4,1
923,0,9,10,1,30,11,1
924,2,0,10,2,18,9,0
925,0,15,19,7,30,17,4
926,1,9,10,2,21,2,2
927,1,7,8,2,20,14,1
928,1,4,10,2,21,10,2
929,0,13,10,4,16,13,4
930,2,5,9,9,10,6,0
931,1,18,14,2,16,11,1
932,2,15,22,4,16,11,4
933,2,12,14,6,11,1,0
934,0,6,4,2,11,6,3
935,0,9,10,6,12,7,1
936,2,21,9,2,10,7,5
937,1,11,4,1,12,10,2
938,0,8,11,1,14,12,1
939,2,27,14,4,11,6,9
940,1,19,11,7,10,16,0
941,1,10,2,4,11,5,3
942,1,20,6,3,15,7,4
943,4,17,7,1,12,9,3
944,1,15,4,3,16,4,2
945,3,9,8,1,23,16,0
946,3,19,18,2,8,4,2
947,2,17,6,2,5,0,3
948,2,10,15,1,18,0,1
949,5,5,5,0,12,9,7
950,0,8,1,1,6,6,0
951,12,9,1,3,9,3,6
952,0,12,6,2,9,5,3
953,2,20,18,2,3,6,4
954,0,17,15,3,15,5,3
955,0,19,5,0,11,1,2
956,3,14,5,1,14,6,3
957,3,8,2,1,7,6,4
958,2,8,4,2,9,8,3
959,3,10,11,0,13,13,4
960,2,13,11,1,18,11,5
961,2,8,6,5,3,4,3
962,0,13,9,8,6,5,4
963,3,9,4,1,4,5,5
964,2,7,3,1,5,8,4
965,2,5,3,0,7,12,4
966,3,15,5,1,10,14,7
967,4,22,12,5,11,7,2
968,0,18,4,4,4,11,5
969,1,6,8,2,18,5,10
970,1,3,10,0,10,4,1
971,0,7,5,1,4,8,2
972,0,6,15,0,7,2,2
973,2,7,9,2,4,12,11
974,2,13,7,1,5,10,5
975,1,13,11,4,4,6,3
976,2,6,7,1,5,5,2
977,0,5,5,5,8,3,2
978,0,4,3,4,6,9,2
979,2,6,4,7,5,11,8
980,2,8,5,4,9,15,1
981,2,13,7,1,2,2,7
982,1,8,2,1,9,0,6
983,1,7,4,1,6,1,8
984,0,7,7,4,9,8,5
985,1,24,1,3,7,2,2
986,0,12,7,1,4,14,7
987,0,18,5,6,33,16,14
988,3,28,8,2,13,9,5
989,1,18,5,2,10,3,6
990,1,14,2,5,6,8,6
991,0,16,10,1,10,6,3
992,0,19,25,5,20,5,8
993,3,7,9,2,10,5,6
994,2,7,15,1,5,4,4
995,2,13,7,0,8,14,14
996,0,15,10,2,4,1,7
997,0,14,5,1,8,6,1
998,0,15,18,0,4,9,3
999,0,5,5,4,6,5,2
1000,0,8,8,4,21,2,6
1001,1,14,6,1,9,8,5
1002,1,35,14,5,5,4,5
1003,6,13,11,0,13,10,12
1004,2,10,7,2,13,7,11
1005,1,8,8,4,7,9,16
1006,0,15,3,1,6,10,36
1007,0,5,2,3,13,3,26
1008,2,6,6,1,5,4,5
1009,3,5,10,2,5,3,1
1010,0,11,12,0,14,4,0
1011,0,0,3,0,0,7,4
1012,2,7,4,3,5,9,2
1013,0,10,2,1,1,5,1
1014,0,8,5,2,12,8,0
1015,0,17,4,3,7,9,3
1016,5,9,8,7,12,8,0
1017,1,9,8,3,10,2,1
1018,0,11,11,4,12,6,1
1019,0,17,5,2,6,6,11
1020,0,8,8,0,0,5,0
1021,1,10,3,7,7,4,0
1022,2,14,9,2,3,8,0
1023,1,23,11,2,7,15,0
1024,0,19,7,2,6,2,0
1025,0,6,5,3,14,6,0
1026,4,11,2,0,6,10,0
1027,0,9,3,1,2,6,0
1028,2,14,4,0,14,7,1
1029,0,16,7,0,14,3,4
1030,2,26,14,4,10,16,1
1031,2,14,7,4,10,9,1
1032,0,13,13,1,14,6,3
1033,1,18,13,1,15,6,2
1034,1,17,10,0,20,9,3
1035,0,1,2,1,7,0,0
1036,2,20,16,1,7,4,2
1037,2,11,7,3,7,0,1
1038,2,12,3,3,6,0,0
1039,0,23,5,1,12,0,5
1040,1,12,8,0,9,11,10
1041,2,13,6,0,10,9,2
1042,4,11,9,0,14,8,1
1043,0,10,14,3,11,6,2
1044,4,15,18,4,14,10,9
1045,2,15,18,2,13,9,3
1046,0,8,4,6,8,5,1
1047,1,20,8,2,1,7,0
1048,21,11,6,1,7,4,0
1049,1,19,11,1,8,5,3
1050,0,33,23,1,5,5,2
1051,0,40,28,1,9,1,1
1052,0,28,23,2,8,1,1
1053,0,14,15,6,10,1,4
1054,1,16,21,2,14,9,5
1055,0,14,14,1,18,13,2
1056,1,12,14,2,5,5,0
1057,1,30,20,2,23,9,0
1058,1,31,45,4,26,13,4
1059,0,43,46,3,24,8,4
1060,2,42,32,0,29,4,5
1061,3,49,40,1,17,6,1
1062,0,0,0,0,0,0,0
1063,1,11,7,2,6,4,4
1064,2,11,8,2,18,6,1
1065,0,9,4,1,1,8,0
1066,2,13,0,4,11,2,1
1067,2,5,4,0,12,8,2
1068,0,14,7,0,9,8,2
1069,1,10,6,1,3,5,0
1070,2,4,2,1,10,1,6
1071,2,12,7,1,9,8,1
1072,2,7,6,2,12,11,1
1073,0,7,3,2,14,4,0
1074,1,8,2,0,14,2,0
1075,1,7,7,3,15,7,2
1076,1,8,3,5,13,3,1
1077,0,12,5,1,13,6,2
1078,4,15,8,1,17,6,11
1079,2,9,5,1,8,10,1
1080,1,19,6,3,10,6,4
1081,0,11,4,1,12,6,2
1082,1,6,1,1,3,6,0
1083,0,2,7,0,10,4,1
1084,2,5,4,2,10,8,2
1085,1,17,6,1,21,8,1
1086,6,21,7,2,15,10,0
1087,2,27,5,3,10,9,5
1088,5,19,13,2,20,4,1
1089,1,1,7,2,1,8,0
1090,2,8,6,0,17,8,1
1091,0,22,5,1,10,8,2
1092,1,14,6,2,19,8,3
1093,2,24,8,1,15,6,0
1094,0,15,8,2,17,4,3
1095,1,9,3,1,13,8,1
1096,1,2,3,1,4,7,0
1097,0,13,6,0,3,9,3
1098,0,14,7,3,10,6,1
1099,0,14,8,1,18,10,2
1100,9,21,21,6,22,10,2
1101,0,19,14,2,14,1,0
1102,0,18,9,2,10,0,0
1103,1,5,1,0,14,6,1
1104,1,11,5,0,12,7,0
1105,0,20,2,2,7,7,0
1106,4,12,13,6,7,10,0
1107,3,19,7,3,16,12,11
1108,2,14,11,1,7,2,0
1109,8,17,9,3,19,5,2
1110,3,13,14,1,4,5,0
1111,3,11,3,0,3,3,9
1112,5,11,8,2,12,8,1
1113,0,20,13,2,25,8,2
1114,0,25,12,2,10,2,3
1115,4,25,1,2,9,9,1
1116,2,6,5,5,11,7,1
1117,4,13,1,1,7,4,2
1118,0,10,4,2,14,7,0
1119,0,8,3,2,7,11,4
1120,4,12,15,2,9,7,2
1121,1,13,15,0,13,5,3
1122,2,19,4,2,7,5,0
1123,3,11,3,1,11,0,0
1124,2,14,5,2,9,0,3
1125,1,7,6,0,17,9,2
1126,0,6,9,0,17,9,1
1127,0,20,3,3,7,5,0
1128,6,17,22,8,11,12,1
1129,4,11,19,3,12,0,0
1130,0,12,6,1,6,0,0
1131,0,10,7,0,5,0,0
1132,0,13,8,0,15,0,0
1133,0,10,4,1,4,0,4
1134,1,23,8,3,8,13,0
1135,1,17,12,1,11,7,17
1136,1,6,10,2,12,8,1
1137,2,12,9,2,2,3,3
1138,1,11,1,4,4,5,1
1139,0,8,1,2,7,2,3
1140,0,7,7,1,8,8,3
1141,8,15,4,1,6,2,1
1142,3,31,9,0,5,8,5
1143,1,22,8,5,19,7,5
1144,0,14,10,1,4,7,5
1145,1,12,3,1,4,5,0
1146,0,13,3,1,11,1,6
1147,3,9,8,2,15,7,1
1148,0,16,14,2,17,12,5
1149,6,15,2,1,15,10,2
1150,1,13,7,0,21,0,2
1151,1,7,6,2,8,0,1
1152,3,21,12,4,22,2,2
1153,0,11,13,3,7,5,4
1154,1,14,2,1,6,8,3
1155,0,15,8,2,11,15,0
1156,2,18,7,1,19,5,1
1157,2,18,1,1,9,7,1
1158,2,11,2,3,5,3,3
1159,0,11,3,1,9,5,1
1160,3,34,12,3,16,10,1
1161,1,8,7,1,44,1,4
1162,0,14,10,0,6,0,1
1163,3,21,6,2,9,11,0
1164,3,19,3,4,6,8,3
1165,2,8,3,4,1,5,2
1166,9,8,3,2,5,0,0
1167,0,9,7,0,2,4,3
1168,0,18,16,0,11,4,2
1169,0,12,4,1,4,7,4
1170,0,29,14,5,10,5,2
1171,0,30,7,4,8,2,1
1172,0,21,12,0,6,2,2
1173,3,8,10,0,10,3,3
1174,0,13,15,2,28,8,4
1175,4,23,2,3,12,7,4
1176,4,18,14,3,17,9,5
1177,0,15,28,3,28,6,11
1178,1,5,14,3,7,0,0
1179,0,7,4,1,4,4,0
1180,0,7,6,1,9,0,0
1181,1,11,9,4,12,5,2
1182,0,8,4,5,11,4,6
1183,0,10,7,1,9,7,4
1184,2,22,6,2,12,5,1
1185,2,17,3,2,6,11,0
1186,2,14,8,2,10,3,2
1187,2,4,11,2,15,6,0
1188,1,8,3,1,8,5,0
1189,4,9,8,1,6,2,2
1190,0,12,3,4,10,7,2
1191,3,11,13,4,9,6,1
1192,2,17,11,4,16,7,4
1193,4,7,8,0,9,3,5
1194,0,2,3,3,6,0,1
1195,0,4,3,0,10,1,5
1196,3,6,7,3,9,7,1
1197,0,22,10,3,21,4,1
1198,3,14,8,2,4,1,0
1199,2,15,4,1,9,4,1
1200,0,8,1,1,10,6,1
1201,0,7,1,1,12,9,1
1202,1,7,2,4,5,4,7
1203,1,5,5,2,16,7,1
1204,8,4,4,4,3,5,1
1205,0,10,7,2,7,0,1
1206,2,21,9,1,30,7,2
1207,1,14,2,1,10,18,4
1208,0,10,2,1,6,5,1
1209,2,13,1,0,21,5,2
1210,2,14,3,0,30,1,0
1211,0,11,10,1,12,0,5
1212,6,17,9,4,21,13,2
1213,5,14,6,2,8,15,5
1214,1,10,4,1,3,5,0
1215,0,12,6,1,2,2,3
1216,2,6,6,0,3,1,3
1217,2,6,2,0,17,5,1
1218,1,5,12,0,13,7,0
1219,3,15,10,0,12,10,10
1220,2,8,7,1,18,0,2
1221,4,12,6,0,5,0,5
1222,0,8,11,0,7,1,0
1223,0,8,4,0,4,0,0
1224,2,3,4,0,4,6,0
1225,0,4,2,0,8,7,0
1226,1,20,12,0,8,10,3
1227,1,9,6,0,17,9,1
1228,0,2,10,0,23,7,2
1229,4,3,13,0,9,5,14
1230,5,2,8,0,12,9,2
1231,1,4,4,4,20,5,1
1232,0,8,8,2,20,2,0
1233,2,4,7,7,19,8,0
1234,3,9,7,1,16,6,2
1235,2,3,8,2,4,10,4
1236,0,0,4,0,6,0,0
1237,2,7,7,0,4,0,4
1238,0,3,8,1,15,7,4
1239,1,5,10,3,18,15,2
1240,2,12,1,4,5,13,0
1241,0,11,7,2,11,4,4
1242,2,17,6,2,15,5,2
1243,2,4,15,3,11,8,3
1244,4,5,5,0,15,8,2
1245,0,7,2,2,15,11,2
1246,2,6,3,0,27,0,3
1247,2,11,3,1,22,8,5
1248,3,10,7,0,7,8,1
1249,2,8,7,3,12,14,1
1250,1,8,2,3,11,5,0
1251,1,6,5,1,17,2,0
1252,0,15,12,2,34,11,2
1253,1,6,9,0,18,0,0
1254,1,5,6,3,15,0,4
1255,2,11,9,1,8,7,2
1256,1,5,7,2,14,9,1
1257,0,12,3,0,16,6,4
1258,2,0,0,1,2,11,0
1259,3,3,11,1,21,6,0
1260,4,8,8,0,20,8,3
1261,7,6,3,3,32,12,6
1262,0,6,3,3,16,7,3
1263,1,6,9,2,13,6,0
1264,1,9,2,0,14,10,1
1265,2,6,7,2,17,4,1
1266,0,5,10,3,13,11,0
1267,0,12,2,2,18,10,3
1268,5,11,2,0,13,10,3
1269,1,11,1,2,13,4,0
1270,0,6,2,2,11,10,1
1271,1,10,1,1,20,5,3
1272,5,18,7,3,33,4,2
1273,4,5,8,3,10,10,2
1274,2,7,9,2,12,12,1
1275,0,17,12,4,14,6,1
1276,0,15,3,0,10,4,1
1277,0,18,5,2,7,14,4
1278,1,9,4,1,5,6,1
1279,0,12,4,2,10,4,0
1280,0,13,0,0,7,7,2
1281,0,7,2,1,22,21,4
1282,3,10,3,4,8,9,3
1283,1,17,3,2,14,10,2
1284,3,5,1,2,15,6,2
1285,0,16,2,2,14,2,7
1286,0,7,5,1,7,0,1
1287,0,4,7,5,13,4,2
1288,0,8,5,2,13,9,1
1289,5,13,17,4,20,8,0
1290,1,13,7,2,42,10,3
1291,1,4,15,4,17,10,3
1292,0,3,5,0,18,1,2
1293,0,5,4,1,15,4,6
1294,2,10,1,4,16,13,0
1295,1,10,3,1,6,8,2
1296,9,5,9,6,23,5,2
1297,1,15,5,1,19,7,3
1298,1,5,0,4,11,6,3
1299,0,5,2,1,10,7,1
1300,0,4,3,1,6,13,11
1301,0,6,6,1,8,13,0
1302,0,6,16,2,9,9,6
1303,2,8,16,5,11,9,2
1304,1,7,4,2,8,8,0
1305,1,8,5,2,7,7,2
1306,0,3,0,0,14,10,1
1307,1,4,2,2,9,9,0
1308,0,3,4,1,7,9,0
1309,0,2,8,1,16,14,3
1310,4,17,2,0,16,21,8
1311,0,8,4,4,13,10,2
1312,0,8,6,0,9,7,1
1313,2,4,4,2,9,4,2
1314,0,13,6,2,16,0,5
1315,2,4,9,2,10,11,0
1316,1,13,1,4,13,10,3
1317,0,16,5,3,16,13,1
1318,1,8,1,0,16,7,6
1319,2,2,5,0,4,8,2
1320,3,0,3,3,8,1,1
1321,0,2,5,1,6,7,3
1322,1,2,1,1,3,6,1
1323,0,5,8,4,9,7,1
1324,1,5,8,0,17,7,10
1325,1,5,4,1,19,12,1
1326,2,4,0,3,7,11,2
1327,0,13,6,5,14,7,7
1328,0,10,5,3,9,14,0
1329,0,3,7,2,13,2,3
1330,4,6,10,1,15,8,3
1331,2,16,11,5,13,6,1
1332,0,14,6,0,8,4,1
1333,1,8,6,0,25,4,3
1334,1,4,3,1,21,9,2
1335,0,2,5,6,6,5,2
1336,0,3,2,3,3,5,2
1337,0,5,2,1,18,2,0
1338,0,6,3,0,7,7,1
1339,0,3,1,0,2,9,2
1340,2,2,7,0,8,8,1
1341,5,5,1,0,6,2,2
1342,1,2,3,4,11,4,2
1343,0,2,8,2,12,7,1
1344,1,7,19,0,13,9,1
1345,0,8,18,1,21,11,1
1346,0,5,9,3,15,13,4
1347,3,2,3,3,7,8,0
1348,0,2,1,1,15,8,1
1349,0,5,5,1,10,5,1
1350,0,4,7,0,15,10,1
1351,2,5,2,0,15,3,0
1352,2,12,19,2,9,15,5
1353,1,2,9,1,8,5,8
1354,0,8,8,2,10,2,6
1355,1,5,1,1,5,3,0
1356,1,12,7,1,12,5,0
1357,0,3,2,0,11,10,1
1358,1,10,7,2,9,7,0
1359,3,9,9,7,20,12,5
1360,0,1,8,0,14,7,1
1361,0,1,2,3,4,5,1
1362,1,7,10,2,12,7,1
1363,0,1,2,2,10,5,5
1364,0,10,3,0,15,5,0
1365,2,30,10,0,7,7,0
1366,3,28,5,2,16,2,2
1367,0,16,4,2,8,5,11
1368,0,7,5,3,3,4,10
1369,1,10,6,2,10,4,5
1370,1,6,3,2,9,7,9
1371,2,9,9,4,3,5,6
1372,0,7,9,4,10,5,4
1373,0,15,6,1,8,10,0
1374,0,10,4,0,3,6,0
1375,0,16,3,0,13,6,0
1376,1,13,2,1,13,9,0
1377,1,7,3,0,1,7,0
1378,0,7,3,0,6,5,0
1379,0,5,2,2,9,2,1
1380,2,16,3,0,9,7,1
1381,0,3,4,0,7,5,1
1382,2,5,1,1,4,4,1
1383,0,9,9,2,9,7,0
1384,0,2,3,0,5,12,2
1385,2,5,0,2,9,3,0
1386,1,9,7,6,7,4,1
1387,2,17,4,0,17,8,9
1388,1,8,8,0,8,13,2
1389,0,9,4,0,2,6,4
1390,0,6,1,0,11,0,0
1391,1,10,2,0,3,3,2
1392,2,6,3,1,3,9,1
1393,2,14,15,8,13,4,0
1394,0,16,13,0,11,9,0
1395,0,8,8,2,11,4,0
1396,0,18,5,0,9,5,0
1397,1,9,6,0,5,2,0
1398,0,6,7,0,2,4,0
1399,0,3,3,0,8,2,0
1400,1,17,2,0,9,4,0
1401,1,12,1,3,7,4,0
1402,0,11,2,0,3,7,0
1403,0,9,10,3,2,5,0
1404,0,8,7,1,2,10,0
1405,0,13,2,2,19,8,0
1406,0,11,2,5,9,2,0
1407,0,12,8,0,18,1,0
1408,1,13,11,2,17,5,0
1409,1,9,6,0,22,6,0
1410,1,10,2,0,8,0,0
1411,1,19,1,3,10,2,0
1412,1,8,1,2,11,4,0
1413,3,5,0,0,3,3,0
1414,2,18,2,0,13,4,1
1415,0,21,1,5,17,9,4
1416,0,16,6,0,23,10,1
1417,0,17,7,4,7,5,7
1418,0,14,1,0,16,0,8
1419,1,12,11,1,8,0,1
1420,0,10,6,1,17,0,4
1421,1,13,5,1,15,0,1
1422,1,17,1,1,17,5,4
1423,0,19,7,2,46,6,5
1424,0,32,16,0,31,6,3
1425,1,32,13,0,22,6,2
1426,1,13,7,4,10,0,2
1427,0,0,0,0,0,0,0
1428,0,8,1,1,7,3,0
1429,0,9,6,0,22,5,0
1430,0,15,3,1,24,6,0
1431,5,6,4,2,18,11,4
1432,1,9,8,3,9,3,2
1433,0,21,7,0,9,7,2
1434,1,8,3,1,19,6,0
1435,0,17,6,0,3,9,4
1436,3,15,12,0,13,6,14
1437,0,17,3,0,13,5,0
1438,0,11,0,4,8,5,0
1439,0,4,7,3,4,5,5
1440,1,4,6,1,10,2,1
1441,0,4,6,2,9,11,0
1442,0,15,3,5,10,9,0
1443,2,7,8,6,10,9,9
1444,3,8,2,0,10,5,3
1445,0,2,0,1,5,10,2
1446,5,2,5,1,5,3,3
1447,1,5,4,0,5,0,1
1448,0,4,9,2,9,5,5
1449,0,10,7,1,10,5,0
1450,4,17,6,2,18,7,4
1451,1,13,5,1,13,10,7
1452,1,12,6,5,11,2,3
1453,1,8,1,1,7,5,2
1454,0,10,2,4,18,5,5
1455,1,6,2,5,5,9,5
1456,0,9,5,2,13,7,3
1457,0,10,9,0,14,12,0
1458,2,19,8,1,10,8,0
1459,1,5,5,0,8,7,1
1460,0,5,3,0,10,2,0
1461,1,5,7,1,5,3,0
1462,0,14,4,1,19,13,2
1463,4,13,6,0,10,6,1
1464,1,17,5,0,20,3,4
1465,0,9,3,2,13,0,0
1466,0,11,3,10,12,1,1
1467,0,6,6,2,13,3,2
1468,2,11,10,1,5,8,3
1469,2,9,8,1,20,5,4
1470,1,15,9,1,10,9,0
1471,1,17,17,0,22,10,3
1472,0,16,6,0,13,3,0
1473,2,15,6,6,11,5,2
1474,0,4,3,1,6,5,2
1475,1,6,4,1,7,7,3
1476,0,11,10,2,7,6,4
1477,0,15,13,0,17,12,1
1478,4,11,16,1,32,11,6
1479,0,13,4,4,11,9,4
1480,2,9,5,1,20,6,1
1481,0,6,6,0,13,7,4
1482,1,4,3,2,13,6,3
1483,2,2,6,1,19,5,0
1484,3,7,9,1,10,10,9
1485,0,11,10,0,10,6,0
1486,2,21,5,0,17,9,2
1487,1,5,0,1,6,5,2
1488,5,15,4,1,8,3,1
1489,2,8,2,0,6,6,1
1490,0,7,9,1,10,6,7
1491,2,10,11,0,22,7,5
1492,4,12,16,0,16,4,4
1493,0,19,12,2,12,11,3
1494,0,8,8,2,2,6,4
1495,0,18,4,0,5,10,3
1496,0,2,3,3,6,3,1
1497,0,9,7,1,7,9,6
1498,1,11,7,1,4,10,0
1499,2,12,12,3,12,8,3
1500,1,9,3,1,11,4,9
1501,2,5,8,1,8,2,1
1502,1,8,4,4,8,0,2
1503,0,7,1,2,8,5,3
1504,0,3,2,0,7,1,3
1505,0,11,1,1,14,4,2
1506,2,15,5,3,14,1,2
1507,0,26,1,1,11,0,2
1508,0,8,2,0,16,0,4
1509,0,4,3,0,4,0,4
1510,2,9,9,1,11,0,3
1511,0,10,6,1,8,0,5
1512,0,17,3,3,9,1,4
1513,0,16,9,0,3,0,1
1514,0,21,4,1,10,0,14
1515,0,11,7,2,11,0,0
1516,0,7,0,1,5,0,0
1517,0,5,3,2,3,0,1
1518,0,15,6,2,6,0,1
1519,0,11,10,2,12,0,3
1520,0,18,10,2,14,0,5
1521,0,9,5,3,13,0,4
1522,0,20,1,2,5,0,7
1523,0,14,2,7,6,0,5
1524,0,16,2,0,17,0,1
1525,0,9,9,2,14,6,1
1526,0,29,6,3,18,12,2
1527,3,36,10,1,9,2,9
1528,1,18,3,2,11,3,3
1529,2,2,3,3,5,0,6
1530,1,11,4,0,14,1,1
1531,1,7,5,2,10,0,1
1532,0,9,8,1,11,0,10
1533,2,23,8,0,22,5,0
1534,1,23,6,7,6,7,0
1535,1,26,6,5,45,4,1
1536,1,18,8,1,16,6,2
1537,0,6,4,4,8,2,8
1538,0,16,4,5,15,0,4
1539,0,20,3,0,13,0,4
1540,1,22,6,4,20,7,6
1541,3,17,4,4,15,4,3
1542,4,16,9,0,8,1,5
1543,2,5,2,4,6,0,2
1544,0,3,2,4,13,0,1
1545,0,14,7,2,15,0,0
1546,1,14,3,3,8,0,0
1547,1,4,7,0,7,8,0
1548,0,15,14,1,4,10,13
1549,0,9,4,5,5,6,2
1550,4,5,12,2,3,0,4
1551,2,8,6,3,3,0,3
1552,1,3,9,2,3,0,2
1553,0,6,1,4,1,6,0
1554,4,14,6,7,4,9,7
1555,0,9,8,2,5,11,2
1556,2,17,9,4,7,8,9
1557,0,12,10,3,3,2,5
1558,1,8,11,0,9,0,1
1559,1,11,1,4,4,0,0
1560,2,8,2,0,3,9,1
1561,1,9,8,2,11,10,6
1562,3,5,5,5,2,5,6
1563,0,14,3,2,1,0,3
1564,0,10,3,3,6,0,1
1565,1,13,1,1,4,0,3
1566,5,8,4,5,14,0,4
1567,2,9,3,1,5,3,1
1568,6,2,5,3,2,13,0
1569,0,11,16,3,13,5,2
1570,0,5,11,1,11,8,3
1571,1,13,5,5,8,11,3
1572,0,5,1,3,8,5,4
1573,0,6,1,6,4,1,6
1574,0,15,0,2,20,8,1
1575,0,18,3,5,6,8,0
1576,0,20,1,3,14,7,5
1577,2,20,2,0,6,0,7
1578,1,10,1,1,7,6,1
1579,1,7,3,4,4,6,0
1580,0,3,2,4,4,9,2
1581,1,0,9,0,8,3,5
1582,0,19,3,3,9,9,2
1583,1,12,5,0,24,7,3
1584,0,11,1,3,27,10,3
1585,2,15,3,1,8,9,8
1586,0,4,0,1,9,5,3
1587,2,9,2,1,8,8,2
1588,1,12,1,0,9,12,0
1589,4,8,12,3,17,11,1
1590,1,9,5,2,7,9,5
1591,3,2,4,1,9,11,1
1592,1,5,9,1,3,5,7
1593,1,5,5,0,10,0,8
1594,1,4,7,3,9,0,4
1595,0,8,8,1,6,0,3
1596,1,9,10,0,7,0,4
1597,0,12,2,2,10,17,3
1598,0,6,3,7,11,12,1
1599,1,5,3,4,3,11,1
1600,0,5,0,0,11,3,0
1601,0,4,4,2,4,6,10
1602,1,6,1,0,9,10,2
1603,0,6,3,3,6,15,9
1604,2,8,3,5,8,8,7
1605,1,8,4,3,2,0,1
1606,2,5,5,3,1,0,2
1607,2,8,8,3,16,13,0
1608,0,5,5,2,6,8,0
1609,1,3,4,0,9,7,3
1610,1,5,8,3,9,6,3
1611,0,2,16,3,12,17,4
1612,0,4,13,2,12,2,2
1613,3,2,8,0,14,6,2
1614,0,5,10,2,5,0,1
1615,1,13,11,2,6,0,5
1616,3,17,15,3,15,11,1
1617,0,6,18,3,10,0,7
1618,0,12,9,3,5,18,0
1619,0,6,12,2,15,10,1
1620,2,6,5,4,6,7,7
1621,0,8,24,2,7,2,7
1622,0,4,15,1,8,0,1
1623,0,9,13,1,9,12,1
1624,2,4,10,5,8,16,7
1625,0,5,13,7,10,13,2
1626,2,4,18,2,5,3,9
1627,1,11,21,3,9,3,1
1628,1,1,10,3,3,12,5
1629,2,2,8,2,9,1,1
1630,0,6,17,2,11,10,4
1631,1,3,25,3,3,10,1
1632,3,14,19,2,16,16,6
1633,1,8,15,2,8,0,0
1634,0,10,13,1,14,0,1
1635,0,5,7,3,7,10,0
1636,4,13,5,1,21,2,0
1637,6,6,13,1,6,0,0
1638,1,7,13,4,10,12,0
1639,0,11,5,0,9,2,0
1640,2,11,12,2,14,6,0
1641,0,7,13,1,10,6,0
1642,1,5,11,0,6,7,0
1643,1,9,6,3,12,8,0
1644,0,3,7,2,12,5,0
1645,1,10,14,7,12,11,4
1646,1,5,9,2,22,16,7
1647,0,9,7,5,8,15,6
1648,3,10,10,2,16,5,1
1649,0,8,10,1,7,7,6
1650,4,8,15,0,8,8,2
1651,0,10,9,3,11,12,1
1652,2,14,15,3,22,5,1
1653,3,8,17,4,14,14,3
1654,1,3,16,3,9,0,3
1655,0,5,11,2,9,6,3
1656,0,9,14,1,9,7,1
1657,1,4,7,6,6,9,3
1658,0,3,5,0,8,5,2
1659,1,8,4,2,15,11,1
1660,1,6,3,0,13,14,12
1661,0,4,4,1,16,8,2
1662,2,10,12,0,8,2,4
1663,0,9,7,2,9,5,1
1664,2,3,4,5,5,6,4
1665,3,0,7,5,13,4,6
1666,3,3,5,3,9,1,1
1667,2,10,7,4,11,3,1
1668,2,10,9,0,8,8,9
1669,0,9,4,0,11,5,2
1670,1,18,6,1,3,7,0
1671,0,5,9,2,4,4,2
1672,0,7,6,3,7,6,1
1673,2,13,9,4,9,9,1
1674,1,18,11,0,4,12,6
1675,1,10,8,0,15,3,2
1676,1,4,3,2,9,2,1
1677,2,9,8,2,22,8,0
1678,0,11,5,3,14,4,4
1679,0,12,13,5,6,0,2
1680,0,11,9,3,21,12,2
1681,0,7,10,5,13,0,0
1682,2,9,10,3,9,12,1
1683,0,7,14,1,13,10,3
1684,0,2,4,0,8,6,4
1685,1,2,6,3,10,8,0
1686,1,5,1,3,10,0,7
1687,0,0,4,6,7,11,1
1688,1,4,8,6,4,8,3
1689,0,6,4,2,8,4,3
1690,1,6,18,2,21,0,0
1691,1,3,8,0,12,0,3
1692,2,5,0,1,12,4,1
1693,0,7,4,3,8,7,2
1694,1,5,7,0,13,5,0
1695,0,9,10,0,22,5,2
1696,1,6,6,0,10,10,0
1697,0,8,4,0,3,5,0
1698,0,7,7,1,13,0,4
1699,2,2,5,3,10,4,1
1700,1,6,4,5,14,2,1
1701,0,4,4,3,12,11,2
1702,0,16,15,3,13,7,6
1703,2,5,9,2,10,7,0
1704,0,8,4,1,10,3,0
1705,0,5,2,6,6,3,2
1706,0,9,3,1,14,7,0
1707,0,3,2,2,11,5,2
1708,0,7,8,7,8,0,0
1709,0,14,6,2,20,0,0
1710,1,16,10,6,12,0,0
1711,0,22,9,1,13,0,0
1712,2,5,5,2,10,0,0
1713,0,5,2,2,6,0,0
1714,0,6,2,1,3,9,4
1715,1,13,6,2,6,6,3
1716,2,12,9,2,22,8,5
1717,0,13,5,5,9,1,6
1718,0,9,3,2,8,0,1
1719,1,8,12,2,12,8,1
1720,0,6,8,1,8,1,2
1721,1,5,4,1,13,4,0
1722,1,9,9,8,8,5,0
1723,2,10,4,3,18,6,1
1724,1,14,5,6,11,0,2
1725,2,9,7,3,8,0,2
1726,0,4,8,1,5,0,1
1727,0,5,3,3,4,0,2
1728,0,5,2,0,5,0,2
1729,0,5,9,1,17,7,6
1730,1,11,6,7,10,5,2
1731,1,11,8,2,13,0,1
1732,1,8,6,1,6,0,0
1733,0,9,8,0,8,0,1
1734,2,4,5,0,4,0,1
1735,3,6,3,1,8,0,2
1736,0,18,11,1,15,7,2
1737,1,4,8,3,2,3,5
1738,1,0,2,1,1,1,1
1739,1,2,1,4,10,1,3
1740,0,1,1,3,5,0,2
1741,0,3,2,2,10,2,0
1742,1,5,2,3,11,7,0
1743,0,4,4,0,4,3,0
1744,0,7,8,6,6,10,0
1745,3,4,9,1,4,2,0
1746,0,5,3,0,7,7,0
1747,4,2,0,2,1,2,0
1748,0,4,2,1,3,0,0
1749,0,2,2,3,0,0,4
1750,1,2,3,6,3,1,0
1751,0,8,7,1,14,4,1
1752,0,6,6,1,9,6,1
1753,2,4,2,4,3,4,2
1754,0,3,2,1,7,0,0
1755,0,3,2,0,13,0,2
1756,0,1,2,0,9,3,4
1757,0,3,2,0,4,3,0
1758,3,6,5,0,9,6,0
1759,4,8,3,4,5,0,7
1760,1,8,7,4,1,10,1
1761,0,12,4,3,9,3,1
1762,1,5,3,1,3,0,1
1763,0,5,3,2,4,0,1
1764,0,3,7,2,9,0,0
1765,3,6,8,1,5,0,0
1766,0,7,5,6,7,0,0
1767,0,3,3,3,25,0,0
1768,0,6,7,3,10,6,1
1769,0,7,5,1,9,6,2
1770,1,1,7,2,3,0,3
1771,1,8,8,1,6,4,1
1772,1,2,8,4,3,8,2
1773,0,4,5,7,8,0,1
1774,2,8,8,1,5,0,1
1775,2,8,9,0,4,0,0
1776,0,7,1,0,5,0,0
1777,1,2,3,4,9,0,0
1778,0,2,6,0,7,0,0
1779,2,5,5,4,4,7,6
1780,0,6,14,3,13,3,2
1781,3,6,5,1,5,2,2
1782,0,5,7,3,4,5,0
1783,1,10,19,4,6,4,1
1784,1,5,6,0,13,0,0
1785,0,6,8,0,15,8,4
1786,1,15,6,1,15,5,6
1787,1,9,20,7,11,0,0
1788,0,15,18,0,15,0,4
1789,1,17,15,3,11,0,0
1790,2,11,23,0,24,0,0
1791,0,13,27,1,12,0,0
1792,0,0,0,0,0,0,0
1793,0,2,5,3,5,7,1
1794,0,7,4,4,2,3,0
1795,0,7,2,1,9,1,2
1796,2,1,2,1,6,1,1
1797,2,4,3,5,8,0,4
1798,0,3,5,0,5,0,4
1799,1,3,3,0,5,0,0
1800,0,9,7,0,2,0,0
1801,1,6,0,0,4,0,0
1802,0,8,5,2,5,4,2
1803,1,2,2,1,4,8,1
1804,1,7,5,2,5,0,1
1805,1,2,2,4,5,0,1
1806,1,4,3,1,2,11,0
1807,0,1,8,2,9,1,1
1808,0,4,1,3,2,0,0
1809,0,10,7,1,9,0,1
1810,0,12,4,2,3,0,0
1811,0,9,6,3,7,0,0
1812,0,6,5,0,16,0,0
1813,1,3,6,0,18,10,1
1814,1,7,11,2,20,9,6
1815,0,5,8,3,7,5,2
1816,0,9,5,1,11,0,0
1817,1,6,6,2,15,0,2
1818,0,6,0,1,9,0,3
1819,1,7,7,0,7,3,1
1820,0,8,8,2,8,5,2
1821,2,12,12,0,9,1,1
1822,0,15,6,0,8,0,0
1823,1,8,10,0,7,0,2
1824,1,4,6,3,7,0,1
1825,0,5,3,0,5,1,2
1826,0,5,2,1,4,0,1
1827,2,22,6,4,13,0,5
1828,1,14,12,0,18,0,5
1829,0,9,8,0,18,0,0
1830,0,6,5,2,6,0,1
1831,0,8,6,6,10,0,2
1832,1,3,3,0,14,0,0
1833,0,15,3,2,10,0,4
1834,1,15,2,1,24,0,0
1835,0,20,6,2,36,0,5
1836,1,5,1,0,6,0,0
1837,1,3,4,2,10,12,1
1838,0,12,1,2,8,0,2
1839,0,7,9,1,12,0,4
1840,2,13,7,3,31,9,5
1841,2,16,17,0,25,11,0
1842,1,18,15,0,31,11,4
1843,2,28,12,2,17,5,1
1844,0,11,4,0,10,0,2
1845,0,2,6,0,6,0,1
1846,1,9,5,0,12,0,1
1847,0,2,8,0,9,0,0
1848,1,20,12,4,15,7,0
1849,1,9,13,1,13,5,2
1850,0,7,6,0,10,11,3
1851,4,2,2,1,5,1,0
1852,2,4,6,2,5,10,3
1853,0,5,2,0,10,2,1
1854,0,6,6,0,4,0,1
1855,1,6,4,3,20,14,4
1856,3,16,11,0,16,4,7
1857,3,9,6,0,15,6,2
1858,1,10,12,1,9,0,2
1859,0,10,3,2,5,6,2
1860,0,4,8,1,4,1,0
1861,3,8,5,2,19,5,0
1862,1,5,5,2,10,11,3
1863,0,7,10,4,21,8,1
1864,3,20,7,2,18,9,2
1865,1,15,4,0,7,7,1
1866,4,9,9,0,4,1,0
1867,1,7,5,1,5,0,4
1868,0,8,13,0,21,0,1
1869,0,14,3,6,24,11,2
1870,1,24,9,1,14,14,5
1871,2,3,6,0,15,8,3
1872,0,5,13,0,11,2,2
1873,0,5,3,0,11,0,0
1874,0,3,3,2,7,0,0
1875,0,6,4,0,20,6,1
1876,0,13,10,1,14,15,2
1877,0,14,12,1,8,2,3
1878,0,22,11,3,11,1,2
1879,0,11,4,3,3,4,2
1880,0,11,13,1,12,9,4
1881,0,5,9,2,10,10,1
1882,0,11,7,1,9,2,1
1883,0,11,13,4,14,12,5
1884,0,43,21,3,9,19,9
1885,0,16,19,5,16,3,2
1886,0,6,4,1,2,2,0
1887,0,4,3,3,11,0,0
1888,0,5,2,0,9,0,0
1889,0,15,28,2,23,0,2
1890,0,17,13,5,10,0,11
1891,0,16,15,1,12,8,2
1892,0,16,15,5,9,4,0
1893,0,3,9,5,7,14,1
1894,0,5,6,2,4,4,2
1895,0,4,4,3,6,3,5
1896,0,2,6,1,2,12,2
1897,0,11,4,3,11,9,1
1898,0,5,16,2,15,6,10
1899,0,5,13,3,7,0,3
1900,0,3,8,1,3,0,2
1901,0,2,1,0,4,0,0
1902,0,5,3,1,3,0,2
1903,0,11,2,5,10,0,2
1904,0,4,0,0,12,11,4
1905,0,7,7,0,14,0,0
1906,0,6,6,3,6,0,0
1907,0,6,13,6,5,12,1
1908,0,5,13,0,6,7,2
1909,0,1,6,3,9,9,1
1910,1,9,9,2,20,10,3
1911,1,25,7,3,14,7,2
1912,2,22,10,2,5,3,8
1913,1,13,9,1,9,10,1
1914,2,9,5,2,10,2,2
1915,0,9,7,3,4,0,2
1916,1,3,4,4,14,0,2
1917,4,6,7,0,14,6,5
1918,0,1,13,0,6,9,0
1919,0,9,8,2,18,16,3
1920,0,2,6,5,7,2,1
1921,0,5,5,0,0,11,1
1922,0,2,1,3,11,4,1
1923,0,7,11,3,2,0,1
1924,1,12,3,6,7,7,1
1925,1,24,9,2,9,5,0
1926,4,23,18,11,0,0,4
1927,0,7,9,2,4,0,3
1928,0,3,4,0,7,0,2
1929,0,3,3,1,1,0,7
1930,1,10,6,2,1,0,3
1931,1,4,4,2,4,0,0
1932,0,7,2,3,9,9,4
1933,0,8,5,1,10,3,7
1934,0,15,7,3,2,0,0
1935,0,5,5,2,5,9,3
1936,0,11,12,10,6,9,0
1937,2,6,10,3,15,13,6
1938,0,17,10,2,6,0,3
1939,1,11,13,1,4,8,4
1940,1,13,7,8,6,7,6
1941,0,11,5,2,2,1,4
